gholi,Gholi1234,a@a.a
avin,Avin1234,a@a.c
sara,Sara1234,a@a.a
masi,Masi1234,a@a.a
fati,Fati1234,a@a.a
sam,Sam12345,a@a.a
Gholam,Gholam1234,a@a.a
ahmad,Ahmad123,q@a.n
ghomar,Ghomar123,a@3.b
fahime,Fahime123,s@s.s
